Week,NTV,LTV,CTV,TTV,STR,YOT,CIN,DIS,SEM,FAB,SNP,TWT,PIN,TIK,DRD,LRD,OOH
1,0.022888624,0.057786,0.064963,0.046729,0.057475714,0.027644065,0.025498,0.040194376,0.033081403,0.045249814,0.031158,0.055864,0.064862,0.048858,0.042361,0.053829,0
2,0.049570313,0.123771,0.145167,0.10002,0.125571222,0.06032483,0.055419,0.085730069,0.079283337,0.097794729,0.070178,0.119167,0.141743,0.103682,0.091577,0.114519,0
3,0.076514523,0.166261,0.187472,0.139357,0.168288344,0.097031871,0.090533,0.125875052,0.13624064,0.144051623,0.119043,0.162019,0.186967,0.143389,0.148757,0.156186,0
4,0.105218524,0.193869,0.210633,0.168428,0.195465282,0.139159891,0.131739,0.155202655,0.214802974,0.174312513,0.180238,0.191028,0.21357,0.172246,0.185551,0.18489,0
5,0.107493497,0.154212,0.158973,0.14321,0.15556309,0.146406492,0.136975,0.137183703,0.204688176,0.14972069,0.181874,0.154801,0.164357,0.144429,0.166865,0.150912,0
6,0.106090911,0.100272,0.08685,0.105856,0.099039678,0.137440725,0.129977,0.109146122,0.165902645,0.11175106,0.160428,0.104792,0.096681,0.104996,0.132883,0.104006,0
7,0.106634687,0.065893,0.049751,0.078343,0.064093708,0.116974399,0.111961,0.083540962,0.11375936,0.076033267,0.12098,0.070939,0.056872,0.076581,0.085504,0.071957,0
8,0.097382387,0.043825,0.030133,0.058056,0.042242853,0.086052629,0.083508,0.064936991,0.035197026,0.053508033,0.064832,0.048022,0.033454,0.056031,0.055018,0.049994,0
9,0.085981869,0.029539,0.018896,0.043083,0.028394645,0.058952489,0.062285,0.050717448,0.017044439,0.038533162,0.034742,0.032508,0.019679,0.041119,0.035402,0.034894,0
10,0.070558143,0.020199,0.012456,0.032017,0.019479542,0.04069354,0.046456,0.03915229,0,0.028267639,0.018618,0.022006,0.021815,0.03026,0.022779,0.024475,0
11,0.050144228,0.014023,0.008554,0.02383,0.013131825,0.028301645,0.03465,0.02905266,0,0.021010794,0.017909,0.014897,0,0.022328,0.014657,0.017258,0
12,0.035783294,0.009423,0.006046,0.017764,0.012291864,0.019829591,0.025844,0.021643268,0,0.015784058,0,0.023957,0,0.016516,0.018646,0.012236,0
13,0.025693825,0.020927,0.004801,0.013264,0.018962234,0.016996954,0.019276,0.016074819,0,0.011932877,0,0,0,0.012245,0,0.008726,0
14,0.018497196,0,0.015305,0.009921,0,0.02419088,0.014377,0.011966363,0,0.012186572,0,0,0,0.008923,0,0.016118,0
15,0.016706561,0,0,0.020122,0,0,0.010724,0.011531326,0,0.019863169,0,0,0,0.018397,0,0,0
16,0.024841417,0,0,0,0,0,0.020778,0.018051896,0,0,0,0,0,0,0,0,0
17,0,0,0,0,0,0,0,0,0,0,0,0,0,0,0,0,0
18,0,0,0,0,0,0,0,0,0,0,0,0,0,0,0,0,0
19,0,0,0,0,0,0,0,0,0,0,0,0,0,0,0,0,0
20,0,0,0,0,0,0,0,0,0,0,0,0,0,0,0,0,0
21,0,0,0,0,0,0,0,0,0,0,0,0,0,0,0,0,0
22,0,0,0,0,0,0,0,0,0,0,0,0,0,0,0,0,0
23,0,0,0,0,0,0,0,0,0,0,0,0,0,0,0,0,0
24,0,0,0,0,0,0,0,0,0,0,0,0,0,0,0,0,0
25,0,0,0,0,0,0,0,0,0,0,0,0,0,0,0,0,0
26,0,0,0,0,0,0,0,0,0,0,0,0,0,0,0,0,0
27,0,0,0,0,0,0,0,0,0,0,0,0,0,0,0,0,0
28,0,0,0,0,0,0,0,0,0,0,0,0,0,0,0,0,0
29,0,0,0,0,0,0,0,0,0,0,0,0,0,0,0,0,0
30,0,0,0,0,0,0,0,0,0,0,0,0,0,0,0,0,0
31,0,0,0,0,0,0,0,0,0,0,0,0,0,0,0,0,0
32,0,0,0,0,0,0,0,0,0,0,0,0,0,0,0,0,0
33,0,0,0,0,0,0,0,0,0,0,0,0,0,0,0,0,0
34,0,0,0,0,0,0,0,0,0,0,0,0,0,0,0,0,0
35,0,0,0,0,0,0,0,0,0,0,0,0,0,0,0,0,0
36,0,0,0,0,0,0,0,0,0,0,0,0,0,0,0,0,0
37,0,0,0,0,0,0,0,0,0,0,0,0,0,0,0,0,0
38,0,0,0,0,0,0,0,0,0,0,0,0,0,0,0,0,0
39,0,0,0,0,0,0,0,0,0,0,0,0,0,0,0,0,0
40,0,0,0,0,0,0,0,0,0,0,0,0,0,0,0,0,0
41,0,0,0,0,0,0,0,0,0,0,0,0,0,0,0,0,0
42,0,0,0,0,0,0,0,0,0,0,0,0,0,0,0,0,0
43,0,0,0,0,0,0,0,0,0,0,0,0,0,0,0,0,0
44,0,0,0,0,0,0,0,0,0,0,0,0,0,0,0,0,0
45,0,0,0,0,0,0,0,0,0,0,0,0,0,0,0,0,0
46,0,0,0,0,0,0,0,0,0,0,0,0,0,0,0,0,0
47,0,0,0,0,0,0,0,0,0,0,0,0,0,0,0,0,0
48,0,0,0,0,0,0,0,0,0,0,0,0,0,0,0,0,0
49,0,0,0,0,0,0,0,0,0,0,0,0,0,0,0,0,0
50,0,0,0,0,0,0,0,0,0,0,0,0,0,0,0,0,0
51,0,0,0,0,0,0,0,0,0,0,0,0,0,0,0,0,0
52,0,0,0,0,0,0,0,0,0,0,0,0,0,0,0,0,0
