LTV,STR,YOT,CIN,DIS,SEM,FAB,SNP,TWT,PIN,TIK,DCI,DRD,LRD,OOH
0.023551829,0.049692907,0.055625126,0.017196476,0.054943825,0.062090418,0.039958215,0.044652798,0.047165955,0.03893343,0.056425024,0.040843672,0.039176018,0.022724714,0.026710483
0.051454776,0.10791949,0.121867461,0.037446793,0.120043767,0.136426143,0.087762531,0.098568198,0.103935603,0.086013665,0.123641121,0.090481434,0.084775325,0.049590792,0.057092243
0.08056809,0.174658072,0.179424781,0.059206543,0.180704602,0.181555173,0.141168679,0.158913578,0.149155206,0.142945419,0.167743877,0.150806753,0.132537806,0.078789117,0.085084286
0.112618241,0.210299058,0.211318983,0.083525092,0.212647998,0.208952891,0.183411221,0.195293075,0.188945242,0.180303957,0.196681188,0.188527207,0.166522073,0.111715361,0.11262964
0.125499934,0.179654444,0.173380727,0.094128009,0.174864437,0.163495558,0.169222536,0.172639277,0.165983394,0.165885147,0.159242913,0.17126953,0.15159422,0.12690688,0.108384984
0.127789695,0.131616576,0.116954534,0.106052124,0.119155508,0.099257735,0.137243975,0.132066679,0.123973798,0.134891371,0.104484664,0.136379712,0.123337992,0.127707678,0.096537588
0.119960509,0.070332632,0.064849829,0.10913138,0.063719862,0.060259117,0.093623695,0.079837391,0.087777998,0.088515529,0.068555924,0.085276047,0.088005593,0.118712433,0.083970556
0.102931353,0.037614613,0.035987203,0.104002079,0.034725858,0.036583156,0.057474425,0.048408468,0.053519018,0.058083766,0.044981862,0.053321744,0.062946026,0.100548155,0.069346612
0.077109751,0.020134246,0.019987498,0.091035325,0.01902886,0.02220954,0.035525381,0.029437226,0.032713912,0.038114486,0.029514122,0.033341231,0.045115454,0.073423755,0.057757257
0.05442132,0.010435605,0.011111298,0.070330939,0.010511162,0.013483355,0.022111564,0.017950896,0.020048079,0.025010672,0.019365214,0.020847737,0.03239312,0.053649713,0.048410372
0.038448652,0.005009297,0.005725389,0.054364689,0.005575536,0.00818571,0.013858613,0.010735894,0.012317929,0.016411968,0.012706173,0.013035756,0.023293681,0.039221287,0.040765995
0.027144732,0.002086329,0.002693814,0.042016792,0.002626143,0.004463953,0.008395406,0.006298457,0.00753574,0.01076951,0.00833695,0.008151049,0.016710595,0.028655944,0.034369704
0.01917262,0.000518403,0.001006648,0.032482859,0.001162877,0.002204484,0.005003008,0.003270699,0.004136739,0.007066937,0.004817941,0.004545567,0.011990792,0.020939864,0.029055233
0.013544005,2.83288E-05,6.67072E-05,0.025116723,0.000289563,0.000832766,0.002881929,0.001414227,0.00204252,0.004084292,0.002509,0.002291117,0.008601034,0.015301283,0.024608792
0.009565891,0,0,0.019422495,0,0,0.001349013,0.000513137,0.000748867,0.002127084,0.000994026,0.000881445,0.00616292,0.011178795,0.020869412
0.006797087,0,0,0.01504295,0,0,0.000718949,0,0,0.000842767,0,0,0.003821306,0.008193064,0.017789048
0.004665865,0,0,0.011650942,0,0,0.00029086,0,0,0,0,0,0.002123515,0.006004788,0.015163352
0.002790204,0,0,0.009023791,0,0,0,0,0,0,0,0,0.000892529,0.003750535,0.012925213
0.001456858,0,0,0.006989032,0,0,0,0,0,0,0,0,0,0.002098368,0.011017428
0.000508587,0,0,0.005413087,0,0,0,0,0,0,0,0,0,0.000887476,0.009391235
0,0,0,0.003506389,0,0,0,0,0,0,0,0,0,0,0.008005072
0,0,0,0.00202963,0,0,0,0,0,0,0,0,0,0,0.006823508
0,0,0,0.000885862,0,0,0,0,0,0,0,0,0,0,0.005816346
0,0,0,0,0,0,0,0,0,0,0,0,0,0,0.004957843
0,0,0,0,0,0,0,0,0,0,0,0,0,0,0.004226056
0,0,0,0,0,0,0,0,0,0,0,0,0,0,0.003602282
0,0,0,0,0,0,0,0,0,0,0,0,0,0,0.002475977
0,0,0,0,0,0,0,0,0,0,0,0,0,0,0.001515917
0,0,0,0,0,0,0,0,0,0,0,0,0,0,0.000697563
0,0,0,0,0,0,0,0,0,0,0,0,0,0,0
0,0,0,0,0,0,0,0,0,0,0,0,0,0,0
0,0,0,0,0,0,0,0,0,0,0,0,0,0,0
0,0,0,0,0,0,0,0,0,0,0,0,0,0,0
0,0,0,0,0,0,0,0,0,0,0,0,0,0,0
0,0,0,0,0,0,0,0,0,0,0,0,0,0,0
0,0,0,0,0,0,0,0,0,0,0,0,0,0,0
0,0,0,0,0,0,0,0,0,0,0,0,0,0,0
0,0,0,0,0,0,0,0,0,0,0,0,0,0,0
0,0,0,0,0,0,0,0,0,0,0,0,0,0,0
0,0,0,0,0,0,0,0,0,0,0,0,0,0,0
0,0,0,0,0,0,0,0,0,0,0,0,0,0,0
0,0,0,0,0,0,0,0,0,0,0,0,0,0,0
0,0,0,0,0,0,0,0,0,0,0,0,0,0,0
0,0,0,0,0,0,0,0,0,0,0,0,0,0,0
0,0,0,0,0,0,0,0,0,0,0,0,0,0,0
0,0,0,0,0,0,0,0,0,0,0,0,0,0,0
0,0,0,0,0,0,0,0,0,0,0,0,0,0,0
0,0,0,0,0,0,0,0,0,0,0,0,0,0,0
0,0,0,0,0,0,0,0,0,0,0,0,0,0,0
0,0,0,0,0,0,0,0,0,0,0,0,0,0,0
0,0,0,0,0,0,0,0,0,0,0,0,0,0,0
0,0,0,0,0,0,0,0,0,0,0,0,0,0,0
